candidate,cores,workers,capacity_rps,capacity_min,capacity_max,per_core,read_p99_ms,write_p99_ms,cpu_us_per_req,db_cpu_us_per_req,app_cores,db_cores,rss_peak_mib
go,1,16,14250,4500,15000,14250,4.435,4.822,60.52,37.06,0.86,0.53,21.9
go,2,64,14250,14250,18000,7125,3.953,4.355,74.35,47.67,1.06,0.68,31.6
go,4,64,18750,1250,48000,4688,3.397,5.146,100.97,66.46,1.89,1.25,33.7
fpm,1,8,3750,3000,5500,3750,2.562,2.692,179.35,58.43,0.67,0.22,24.2
fpm,2,16,4250,2750,6750,2125,4.372,5,323.15,134.82,1.37,0.57,34.6
fpm,4,32,8000,6000,18000,2000,2.103,2.987,266.39,101.5,2.13,0.81,59.7
frankenphp,1,8,6000,5500,6500,6000,3.626,3.754,108.67,40.53,0.65,0.24,60.5
frankenphp,2,8,4750,4500,6000,2375,1.558,1.853,138.61,44.96,0.66,0.21,61.1
frankenphp,4,8,5250,5250,19500,1313,1.377,2.113,181.05,56.55,0.95,0.3,63
